Договоры,"Количество входов в ""Договоры""",Отчеты,"Количество входов в ""Отчеты""",Дольщики,"Количество входов в ""Дольщики""",Разное,"Количество входов в ""Разное""",Платежи,"Количество входов в ""Платежи""",Объекты,"Количество входов в ""Объекты""",Резервы,"Количество входов в ""Резервы""",КОНСАЛТ,"Количество входов в ""КОНСАЛТ""",Справочники,"Количество входов в ""Справочники""",Заявки,"Количество входов в ""Заявки""",Activity,"Количество входов в ""Activity""",Конфигурация,"Количество входов в ""Конфигурация""",Пользователи,"Количество входов в ""Пользователи"""
Загрузка файлов в ЛИ,0,Товарные остатки с ценами по заказчикам,0,Крупные инвесторы,0,Оповещение пользователей,0,Сбербанк,0,Директум RX,0,Корзинка,0,Загрузка из Росреестра,0,Курс,0,Заявления,1,Типы действий,0,Поиск отчета,0,Группы,0
Список адресов,0,Эксплуатация недвижимости,0,Импортированные,0,Индивидуальная отделка,0,Возвраты,1,Отделка,0,Аренда-номер,0,КП,0,Регламент,0,обр.заявок,6,невиДимка,0,Разделы,11,Пользователи АКЦ,0
ДДУ-АД,0,Аренда,0,ЛК,0,Регионы,0,Проверка,5,БухКоды,0,Отчет3,0,Расторжения,0,Платежи,4,Разбор заявок,158,НвП,0,Страницы,26,Отключение,0
СОБР-ДДУ,0,Петербургский Взгляд,0,Создать по сканам,0,Персоны для определения ролей,0,Перечень,8,ПИБ с подготовкой,0,Бирки,0,Удаление регистрации,0,ПостПродажи,5,Заявки,1165,запросы,0,Подстраницы,59,CRM,0
Пояснения,0,Маркетинг,1,БД росфинмониторинг,2,Планы,0,1с,67,Перенос,0,Красные-история,0,ГБР,0,Общие,16,,,Расписание,0,,,Структура,0
График,0,Представительства,2,Серые,5,ВТ,0,Просмотр Платежей,75,Разрешить взаиморасчеты,0,Освобождение резервов,0,Генерация КП,0,Договоры,97,,,Заполнение Таблицы,1,,,Доступ представительств,1
Комментарии,0,ПБ,2,Дольщики,6,Проблемный список,0,Ввод,1222,Этажи,0,Аренда отчет,0,РосРеестр,0,Объекты,135,,,Протокол,3,,,Сотрудники,3
Обмен,0,Партнер,4,Перевешивание,6,Документация,0,,,Прятки,0,Резерв на выставке,0,Правоустановочные документы,0,,,,,Кто,33,,,Менеджеры,14
Ходилки,1,Ипотека,5,ПД,18,НдС,0,,,Дополнить xml,0,Переезд,1,Отчеты,1,,,,,Блокировки,57,,,Пользователи,57
Освобождение,2,Планы продаж,8,Изменить,154,Оповещение ДР,0,,,Признак раскрытия эскроу счетов для ЛК,0,Резервы.Отчет,1,Проверка,2,,,,,Договора,72,,,,
ОД,13,Сервис-Гараж,9,Создать дольщика,659,Выставки,0,,,Маркетинговые тэги,0,Карман,2,Просмотр ДРСнП,2,,,,,,,,,,
Рассрочка,50,ЛенСпецСМУ,11,Поиск,2639,Telegram,0,,,Нумерация,1,А.Номера,9,Документы,2,,,,,,,,,,
Квартирограмма,92,Списки,30,,,СУР,0,,,Москва,1,Резервы-История,33,Объекты ЭКМ(с),8,,,,,,,,,,
Перечень,104,Целевые показатели,32,,,Мобильное приложение,1,,,Категории встроенки,1,Красные,52,Ходилка,25,,,,,,,,,,
Договоры,447,Поступления,55,,,МСФО,1,,,План,1,Объекты,98,Объекты ЭКМ,45,,,,,,,,,,
Красные,634,Агенты,61,,,Оповещение СМС,5,,,Объединение,1,Бронь,101,ЭКМ. Ввод данных,66,,,,,,,,,,
Создание,972,Менеджеры,73,,,Дисконтные карты,6,,,ЦИМ,2,Шахматка,164,Акт,86,,,,,,,,,,
Д.Согл.,2872,Должники,91,,,Оповещение,9,,,Owners,6,Секции,416,Ввод ВпЕГРН,148,,,,,,,,,,
Ввод,6198,ЦУН,127,,,Новости,10,,,Договоры,7,БШ,576,Ввод ДРСнПок,229,,,,,,,,,,
Edit,7758,Недвижимость,158,,,Подарки,12,,,История,10,Не подписанные,675,Объекты,229,,,,,,,,,,
